<?xml version="1.0"?>
<doc>
    <assembly>
        <name>_collorWrite</name>
    </assembly>
    <members>
        <member name="T:collorWrite.WritePrams">
            <summary>
            enum with no real purpose, determines wether the Reset function is called RWL = 0, RW = 1, WL = 2, W = 3
            </summary>
        </member>
        <member name="F:collorWrite.WritePrams.RWL">
            <summary>
            WriteLine() and Reset()
            </summary>
        </member>
        <member name="F:collorWrite.WritePrams.RW">
            <summary>
            Write() and Reset()
            </summary>
        </member>
        <member name="F:collorWrite.WritePrams.WL">
            <summary>
            WriteLine()
            </summary>
        </member>
        <member name="F:collorWrite.WritePrams.W">
            <summary>
            Write()
            </summary>
        </member>
        <member name="T:collorWrite.Collor">
            <summary>
            Class library created to make text colloring easier
            </summary>
        </member>
        <member name="F:collorWrite.Collor.ConsoleCollors">
            <summary>
            string[] of all basic system colors
            </summary>
        </member>
        <member name="F:collorWrite.Collor.EconsoleColors">
            <summary>
            Array of all basic system colors as ConsoleColor enums
            </summary>
        </member>
        <member name="T:collorWrite.Collor.CollorWrite">
            <summary>
            Set of functions wich print string in predetermined collors
            </summary>
        </member>
        <member name="T:collorWrite.Collor.CollorSet">
            <summary>
            Set of functions wich highlight string in predetermined collors
            </summary>
        </member>
        <member name="M:collorWrite.Collor.Write(System.String,System.Object)">
            <summary>
            Prints string with specified collor
            </summary>
            <param name="color">desired text color</param>
            <param name="str">string parametr for Console.Write()</param>
        </member>
        <member name="M:collorWrite.Collor.Write(System.String,System.Object,collorWrite.WritePrams)">
            <summary>
            Prints string with specified collor
            </summary>
            <param name="color">desired text color</param>
            <param name="str">parametr for Console.Write()</param>
            <param name="prams">Describes how Collor.Write() is to be used</param>
        </member>
        <member name="M:collorWrite.Collor.Write(System.String,System.Object,System.Boolean)">
            <summary>
            Prints string with specified collor
            </summary>
            <param name="color">desired text color</param>
            <param name="str">parametr for Console.Write()</param>
            <param name="reset">Wether or not the Reset() function is called</param>
        </member>
        <member name="M:collorWrite.Collor.HighLight(System.String,System.Object)">
            <summary>
            Prints string with desired backround collor
            </summary>
            <param name="color">desired backround collor</param>
            <param name="str">parametr for Console.Write()</param>
        </member>
        <member name="M:collorWrite.Collor.HighLight(System.String,System.Object,collorWrite.WritePrams)">
            <summary>
            Highlights string with specified collor
            </summary>
            <param name="color">desired text color</param>
            <param name="str">parametr for Console.Write()</param>
            <param name="WL">Describes how Collor.Write() is to be used</param>
        </member>
        <member name="M:collorWrite.Collor.Reset">
            <summary>
            Resets the Console.BackgroundColor and Console.ForegroundColor 
            </summary>
        </member>
        <member name="M:collorWrite.Collor.SetForeground(System.String)">
            <summary>
            Parses string to ConsoleColor and sets desired text color
            </summary>
            <param name="clr">String representation of ConsoleColor</param>
        </member>
        <member name="M:collorWrite.Collor.SetForeground(System.ConsoleColor)">
            <summary>
            Sets desired text color
            </summary>
            <param name="clr">enum type ConsoleColor</param>
        </member>
        <member name="M:collorWrite.Collor.SetBackground(System.String)">
            <summary>
            Parses string to ConsoleColor and sets desired background color
            </summary>
            <param name="clr">String representation of ConsoleColor</param>
        </member>
        <member name="M:collorWrite.Collor.SetBackground(System.ConsoleColor)">
            <summary>
            Sets desired background color
            </summary>
            <param name="clr">enum type ConsoleColor</param>
        </member>
        <member name="M:collorWrite.Collor.RandomForeground">
            <summary>
            Sets random background color
            </summary>
        </member>
        <member name="M:collorWrite.Collor.RandomBackground">
            <summary>
            Sets random foreground color
            </summary>
        </member>
    </members>
</doc>
